{
  "villa los jazmines": "VILLA LOS JAZMINES",
  "3 caminos": "3 CAMINOS",
  "agua dulce": "AGUA DULCE",
  "alameda": "ALAMEDA",
  "alcazar": "ALCAZAR",
  "aldea agua blanca -canta gallo": "ALDEA AGUA BLANCA -CANTA GALLO",
  "altos de la granja": "ALTOS DE LA GRANJA",
  "altos de la joya": "ALTOS DE LA JOYA",
  "altos de las hadas": "ALTOS DE LAS HADAS",
  "altos de miraflores": "ALTOS DE MIRAFLORES",
  "altos de miraflores sur": "ALTOS DE MIRAFLORES SUR",
  "altos de miramontes": "ALTOS DE MIRAMONTES",
  "altos de palmira": "ALTOS DE PALMIRA",
  "altos de toncontin": "ALTOS DE TONCONTIN",
  "altos del trapiche": "ALTOS DEL TRAPICHE",
  "altos miramontes": "ALTOS MIRAMONTES",
  "america": "AMERICA",
  "anillo periférico": "ANILLO PERIFÉRICO",
  "apto altos trapiche": "APTO ALTOS TRAPICHE",
  "apto loma linda": "APTO LOMA LINDA",
  "barrio abajo": "BARRIO ABAJO",
  "barrio guadalupe": "BARRIO GUADALUPE",
  "barrio jazmin": "BARRIO JAZMIN",
  "barrio la plazuela": "BARRIO LA PLAZUELA",
  "barrio la ronda": "BARRIO LA RONDA",
  "bella oriente": "BELLA ORIENTE",
  "blv morazan": "BLV MORAZAN",
  "blv suyapa": "BLV SUYAPA",
  "bo la ronda": "BO LA RONDA",
  "bo san rafael": "BO SAN RAFAEL",
  "bo. la plazuel": "BO. LA PLAZUEL",
  "bo. perpetuo socorro": "BO. PERPETUO SOCORRO",
  "bo. san pablo": "BO. SAN PABLO",
  "boulevard morazan": "BOULEVARD MORAZAN",
  "buenos aires": "BUENOS AIRES",
  "calpules": "CALPULES",
  "camino al hatillo": "CAMINO AL HATILLO",
  "campos eliseos": "CAMPOS ELISEOS",
  "campos eliseos-valle de angeles": "CAMPOS ELISEOS-valle de angeles",
  "casa agua dulce": "CASA AGUA DULCE",
  "casa resd honduras": "CASA RESD HONDURAS",
  "casamata": "CASAMATA",
  "casas verdes": "CASAS VERDES",
  "castaño sur": "CASTAÑO SUR",
  "castaños": "CASTAÑOS",
  "castaños sur": "CASTAÑOS SUR",
  "castaños sur,": "CASTAÑOS SUR,",
  "cerca lomas del guijarro": "CERCA LOMAS DEL GUIJARRO",
  "cerro azul": "CERRO AZUL",
  "cerro grande": "CERRO GRANDE",
  "cerro grande z 4": "CERRO GRANDE Z 4",
  "cerro grande-zona4": "CERRO GRANDE-ZONA4",
  "ciudad del ángel  zona norte": "CIUDAD DEL ÁNGEL  ZONA NORTE",
  "ciudad lempira": "CIUDAD LEMPIRA",
  "ciudad morazán-choloma": "CIUDAD MORAZÁN-CHOLOMA",
  "ciudad nueva": "CIUDAD NUEVA",
  "col 15 de sep": "COL 15 DE SEP",
  "col 21 de octubre": "COL 21 DE OCTUBRE",
  "col alameda": "COL ALAMEDA",
  "col altos de la granja": "COL ALTOS DE LA GRANJA",
  "col altos de las colinas": "COL ALTOS DE LAS COLINAS",
  "col altos de san josé": "COL ALTOS DE SAN JOSÉ",
  "col américa": "COL AMÉRICA",
  "col america -res. via perugia": "COL AMERICA -RES. VIA PERUGIA",
  "col cerro grande": "COL CERRO GRANDE",
  "col el dorado": "COL EL DORADO",
  "col el hogar": "COL EL HOGAR",
  "col el prado": "COL EL PRADO",
  "col el triangulo": "COL EL TRIANGULO",
  "col elvel": "COL ELVEL",
  "col kennedy": "COL KENNEDY",
  "col lara": "COL LARA",
  "col linton": "COL LINTON",
  "col loarque": "COL LOARQUE",
  "col lomas del guijarro": "COL LOMAS DEL GUIJARRO",
  "col los angeles": "COL LOS ANGELES",
  "col modelo": "COL MODELO",
  "col rubén dario": "COL RUBÉN DARIO",
  "col san carlos": "COL SAN CARLOS",
  "col san josé de la pena": "COL SAN JOSÉ DE LA PENA",
  "col satelite": "COL SATELITE",
  "col villa vieja": "COL VILLA VIEJA",
  "col. 15 de septiembre": "COL. 15 DE SEPTIEMBRE",
  "col. alameda": "COL. ALAMEDA",
  "col. américa": "COL. AMéRICA",
  "col. america": "COL. AMERICA",
  "col. darsy": "COL. DARSY",
  "col. el hato": "COL. EL HATO",
  "col. el hogar": "COL. EL HOGAR",
  "col. elvel": "COL. ELVEL",
  "col. humuya": "COL. HUMUYA",
  "col. interamericana": "COL. INTERAMERICANA",
  "col. lara": "COL. LARA",
  "col. loarque sur": "COL. LOARQUE SUR",
  "col. loma linda sur": "COL. LOMA LINDA SUR",
  "col. lomas del country": "COL. LOMAS DEL COUNTRY",
  "col. lomas del guijarro": "COL. LOMAS DEL GUIJARRO",
  "col. lomas del guijarro sur": "COL. LOMAS DEL GUIJARRO SUR",
  "col. los llanos": "COL. LOS LLANOS",
  "col. los robles": "COL. LOS ROBLES",
  "col. luis landa": "COL. LUIS LANDA",
  "col. maradiaga": "COL. MARADIAGA",
  "col. minitas": "COL. MINITAS",
  "col. miraflores": "COL. MIRAFLORES",
  "col. miraflores sur": "COL. MIRAFLORES SUR",
  "col. nuevo loarque": "COL. NUEVO LOARQUE",
  "col. palermo": "COL. PALERMO",
  "col. palmira": "COL. PALMIRA",
  "col. ruben dario": "COL. RUBEN DARIO",
  "col. san ángel": "COL. SAN ÁNGEL",
  "col. satélite": "COL. SATÉLITE",
  "col. tiloarque": "COL. TILOARQUE",
  "col. tres caminos": "COL. TRES CAMINOS",
  "colonia 15 de septiembre": "COLONIA 15 DE SEPTIEMBRE",
  "colonia america": "COLONIA AMERICA",
  "colonia arturo quezada": "COLONIA ARTURO QUEZADA",
  "colonia el pedregal": "COLONIA EL PEDREGAL",
  "colonia kennedy": "COLONIA KENNEDY",
  "colonia la joya": "COLONIA LA JOYA",
  "colonia lara": "COLONIA LARA",
  "colonia lomas del miraflores sur": "COLONIA LOMAS DEL MIRAFLORES SUR",
  "colonia maradiaga": "COLONIA MARADIAGA",
  "colonia modelo": "COLONIA MODELO",
  "colonia palermo": "COLONIA PALERMO",
  "colonia palmira": "COLONIA PALMIRA",
  "colonia pueblo nuevo": "COLONIA PUEBLO NUEVO",
  "colonia tepeyac": "COLONIA TEPEYAC",
  "colonia villa adela": "COLONIA VILLA ADELA",
  "comayaguela": "COMAYAGUELA",
  "condominios toncontin": "CONDOMINIOS TONCONTIN",
  "condominios viera": "CONDOMINIOS VIERA",
  "cumbres del sur": "CUMBRES DEL SUR",
  "distrito central": "DISTRITO CENTRAL",
  "ecovivienda": "ECOVIVIENDA",
  "el aguacatal": "EL AGUACATAL",
  "el centro": "EL CENTRO",
  "el chimbo": "EL CHIMBO",
  "el coco": "EL COCO",
  "el dorado": "EL DORADO",
  "el hatillo": "EL HATILLO",
  "el hogar": "EL HOGAR",
  "el manantial": "EL MANANTIAL",
  "el molino": "EL MOLINO",
  "el molinon": "EL MOLINON",
  "el paraiso ? yuscaran": "EL PARAISO ? Yuscaran",
  "el pedregal": "EL PEDREGAL",
  "el porvenir": "EL PORVENIR",
  "el prado": "EL PRADO",
  "el sauce": "EL SAUCE",
  "el tablon": "EL TABLON",
  "el trapiche": "EL TRAPICHE",
  "el triángulo": "EL TRIáNGULO",
  "el triangulo": "EL TRIANGULO",
  "el trigo": "EL TRIGO",
  "florencia": "FLORENCIA",
  "florencia norte": "FLORENCIA NORTE",
  "florencia oeste": "FLORENCIA OESTE",
  "florencia sur": "FLORENCIA SUR",
  "florencia sur villa florencia": "FLORENCIA SUR VILLA FLORENCIA",
  "guancaste": "GUANCASTE",
  "hacienda-rural": "HACIENDA-rural",
  "hadas": "HADAS",
  "hatillo": "HATILLO",
  "hatillo-miralago": "HATILLO-MIRALAGO",
  "humuya": "HUMUYA",
  "jardines del loarque": "JARDINES DEL LOARQUE",
  "jutiapa rural": "JUTIAPA rural",
  "kennedy": "KENNEDY",
  "km 4-danli": "KM 4-DANLI",
  "la campaña": "LA CAMPAÑA",
  "la cascada": "LA CASCADA",
  "la ceiba-atlantida": "LA CEIBA-atlantida",
  "la colina-roatan": "LA COLINA-roatan",
  "la cumbre": "LA CUMBRE",
  "la elvel": "LA ELVEL",
  "la hacienda": "LA HACIENDA",
  "la humuya": "LA HUMUYA",
  "la joya": "LA JOYA",
  "la loma": "LA LOMA",
  "la modelo": "LA MODELO",
  "la reforma": "LA REFORMA",
  "la ronda": "LA RONDA",
  "la vega": "LA VEGA",
  "la veguita-lempira": "LA VEGUITA-lempira",
  "lara": "LARA",
  "lara norte": "LARA NORTE",
  "las cascadas": "LAS CASCADAS",
  "las colinas": "LAS COLINAS",
  "las cumbres": "LAS CUMBRES",
  "las delicias": "LAS DELICIAS",
  "las hadas": "LAS HADAS",
  "las lomas": "LAS LOMAS",
  "las marias": "LAS MARIAS",
  "las marias-lomas del guijarro": "LAS MARIAS-Lomas del guijarro",
  "las minitas": "LAS MINITAS",
  "las tapias francisco morazan*": "LAS TAPIAS FRANCISCO MORAZAN*",
  "las tres rosas": "LAS TRES ROSAS",
  "las tres rosas*": "LAS TRES ROSAS*",
  "las uvas": "LAS UVAS",
  "las uvas-villas del real": "LAS UVAS-VILLAS DEL REAL",
  "linda vista": "LINDA VISTA",
  "lirios de miraflores": "LIRIOS DE MIRAFLORES",
  "llanos del potrero": "LLANOS DEL POTRERO",
  "loarque": "LOARQUE",
  "lom": "LOM",
  "lom*": "LOM*",
  "loma alta": "LOMA ALTA",
  "loma linda": "LOMA LINDA",
  "loma linda norte": "LOMA LINDA NORTE",
  "loma linda sur": "LOMA LINDA SUR",
  "loma verde": "LOMA VERDE",
  "lomas de jacaleapa": "LOMAS DE JACALEAPA",
  "lomas de la florida": "LOMAS DE LA FLORIDA",
  "lomas de miraflores": "LOMAS DE MIRAFLORES",
  "lomas de santa lucía": "LOMAS DE SANTA LUCíA",
  "lomas de tiloaruge": "LOMAS DE TILOARUGE",
  "lomas de toncontin": "LOMAS DE TONCONTIN",
  "lomas de toncontín": "LOMAS DE TONCONTÍN",
  "lomas del country": "LOMAS DEL COUNTRY",
  "lomas del guijarro": "LOMAS DEL GUIJARRO",
  "lomas del guijarro alfonso xiii": "LOMAS DEL GUIJARRO ALFONSO XIII",
  "lomas del guijarro sur": "LOMAS DEL GUIJARRO SUR",
  "lomas del guijarro torre aqua": "LOMAS DEL GUIJARRO TORRE AQUA",
  "lomas del guijarro torre sky": "LOMAS DEL GUIJARRO TORRE SKY",
  "lomas del guijarro-las cumbres": "LOMAS DEL GUIJARRO-LAS CUMBRES",
  "lomas del guijarro-los andes": "LOMAS DEL GUIJARRO-LOS ANDES",
  "lomas del guijarro-penthouse colline": "LOMAS DEL GUIJARRO-PENTHOUSE COLLINE",
  "lomas del guijarro-tiffanny": "LOMAS DEL GUIJARRO-TIFFANNY",
  "lomas del mayab": "LOMAS DEL MAYAB",
  "lomas del mayab-torre sky": "LOMAS DEL MAYAB-TORRE SKY",
  "lomas del molino": "LOMAS DEL MOLINO",
  "lomas del santa lucia": "LOMAS DEL SANTA LUCIA",
  "lomas dorado": "LOMAS DORADO",
  "lomas guijarro": "LOMAS GUIJARRO",
  "lomas santa lucia": "LOMAS SANTA LUCIA",
  "los almendros": "LOS ALMENDROS",
  "los angeles": "LOS ANGELES",
  "los ángeles": "LOS ÁNGELES",
  "los castaños": "LOS CASTAÑOS",
  "los castaños sur": "LOS CASTAÑOS SUR",
  "los hidalgos": "LOS HIDALGOS",
  "los portales": "LOS PORTALES",
  "los proceres": "LOS PROCERES",
  "los robles": "LOS ROBLES",
  "los tulipanes": "LOS TULIPANES",
  "maradiaga": "MARADIAGA",
  "minitas": "MINITAS",
  "miraflores": "MIRAFLORES",
  "miraflores sur": "MIRAFLORES SUR",
  "miramontes": "MIRAMONTES",
  "modelo": "MODELO",
  "moderna-sps": "MODERNA-sps",
  "monseñor fiallos": "MONSEÑOR FIALLOS",
  "monte real-mateo rural": "MONTE REAL-MATEO rural",
  "montecarlo": "MONTECARLO",
  "nueva tatumbla *": "NUEVA TATUMBLA *",
  "ojojona *": "OJOJONA *",
  "omoa cortes": "OMOA cortes",
  "palermo": "PALERMO",
  "palma real": "PALMA REAL",
  "palma real  aeropuerto": "PALMA REAL  AEROPUERTO",
  "palmeras de san ignacio": "PALMERAS DE SAN IGNACIO",
  "palmira": "PALMIRA",
  "payaqui": "PAYAQUI",
  "pinares de villa vieja": "PINARES DE VILLA VIEJA",
  "pinares de villa vieja*": "PINARES DE VILLA VIEJA*",
  "pinares del uyuca": "PINARES DEL UYUCA",
  "pinares del uyuca *": "PINARES DEL UYUCA *",
  "portal del bosque": "PORTAL DEL BOSQUE",
  "quinta isabel": "QUINTA ISABEL",
  "quinta isabel*": "QUINTA ISABEL*",
  "real de minas": "REAL DE MINAS",
  "res altos de miramontes": "RES ALTOS DE MIRAMONTES",
  "res centro américa": "RES CENTRO AMÉRICA",
  "res ciudad nueva": "RES CIUDAD NUEVA",
  "res la vega": "RES LA VEGA",
  "res las cascadas": "RES LAS CASCADAS",
  "res las colinas": "RES LAS COLINAS",
  "res las hadas": "RES LAS HADAS",
  "res loma verde": "RES LOMA VERDE",
  "res plaza": "RES PLAZA",
  "res roble oeste": "RES ROBLE OESTE",
  "res san juan": "RES SAN JUAN",
  "res suyapita": "RES SUYAPITA",
  "res venecia": "RES VENECIA",
  "res. agua dulce": "RES. AGUA DULCE",
  "res. altos de miramontes": "RES. ALTOS DE MIRAMONTES",
  "res. altos del trapiche": "RES. ALTOS DEL TRAPICHE",
  "res. castano sur": "RES. CASTANO SUR",
  "res. centro america": "RES. CENTRO AMERICA",
  "res. centro américa iv etapa": "RES. CENTRO AMÉRICA IV ETAPA",
  "res. el dorado": "RES. EL DORADO",
  "res. florencia": "RES. FLORENCIA",
  "res. la concepcién": "RES. LA CONCEPCIéN",
  "res. lara": "RES. LARA",
  "res. las cumbres": "RES. LAS CUMBRES",
  "res. las hadas": "RES. LAS HADAS",
  "res. las uvas": "RES. LAS UVAS",
  "res. loma linda norte": "RES. LOMA LINDA NORTE",
  "res. loma linda sur": "RES. LOMA LINDA SUR",
  "res. loma verde": "RES. LOMA VERDE",
  "res. maya": "RES. MAYA",
  "res. miramontes": "RES. MIRAMONTES",
  "res. palma real": "RES. PALMA REAL",
  "res. portal del bosque": "RES. PORTAL DEL BOSQUE",
  "res. san juan": "RES. SAN JUAN",
  "res. santa clara": "RES. SANTA CLARA",
  "res. santa lucía": "RES. SANTA LUCÍA",
  "res. tres caminos": "RES. TRES CAMINOS",
  "res. venecia": "RES. VENECIA",
  "residencial centro américa": "RESIDENCIAL CENTRO AMÉRICA",
  "residencial centro américa iv etapa": "RESIDENCIAL CENTRO AMÉRICA IV ETAPA",
  "residencial concepción": "RESIDENCIAL CONCEPCIÓN",
  "residencial el dorado": "RESIDENCIAL EL DORADO",
  "residencial honduras": "RESIDENCIAL HONDURAS",
  "residencial las cascadas": "RESIDENCIAL LAS CASCADAS",
  "residencial las uvas": "RESIDENCIAL LAS UVAS",
  "residencial lomas del navoo,": "RESIDENCIAL LOMAS DEL NAVOO,",
  "residencial maya": "RESIDENCIAL MAYA",
  "residencial plaza": "RESIDENCIAL PLAZA",
  "residencial santa lucia": "RESIDENCIAL SANTA LUCIA",
  "residencial venecia": "RESIDENCIAL VENECIA",
  "residencial villa elena": "RESIDENCIAL VILLA ELENA",
  "roatan": "ROATAN",
  "roatan-roatan": "ROATAN-roatan",
  "roble oeste": "ROBLE OESTE",
  "rubén darío": "RUBéN DARíO",
  "ruben dario": "RUBEN DARIO",
  "rubén darío": "RUBÉN DARÍO",
  "san ignacio": "SAN IGNACIO",
  "san ignacio-quinta bella": "SAN IGNACIO-QUINTA BELLA",
  "san jose de la peña": "SAN JOSE DE LA PEÑA",
  "san jose de la vega": "SAN JOSE DE LA VEGA",
  "san jose vega": "SAN JOSE VEGA",
  "san juan": "SAN JUAN",
  "san matias": "SAN MATIAS",
  "san matias*rural": "SAN MATIAS*rural",
  "san pedro sula": "SAN PEDRO SULA",
  "santa barbara": "SANTA BARBARA",
  "santa lucia": "SANTA LUCIA",
  "siguatepeque": "SIGUATEPEQUE",
  "sta. bárbara": "STA. BÁRBARA",
  "tatumbla": "TATUMBLA",
  "tatumbla rural": "TATUMBLA rural",
  "tela": "TELA",
  "tepeyac": "TEPEYAC",
  "tiffany las lomas": "TIFFANY LAS LOMAS",
  "tiloarque  altos de primavera": "TILOARQUE  ALTOS DE PRIMAVERA",
  "torre sky": "TORRE SKY",
  "torre tiffany": "TORRE TIFFANY",
  "trapiche": "TRAPICHE",
  "tres caminos": "TRES CAMINOS",
  "universidad norte": "UNIVERSIDAD NORTE",
  "valle angeles": "VALLE ANGELES",
  "valle de angeles": "VALLE DE ANGELES",
  "valle de ángeles": "VALLE DE ÁNGELES",
  "valle dorado": "VALLE DORADO",
  "valle dorado-comayagua": "VALLE DORADO-COMAYAGUA",
  "valle verde": "VALLE VERDE",
  "valle verde-danli": "VALLE VERDE-DANLI",
  "venecia": "VENECIA",
  "viera": "VIERA",
  "villa elena": "VILLA ELENA",
  "villa florencia": "VILLA FLORENCIA",
  "villa olímpica": "VILLA OLÍMPICA",
  "villa rosalia rural": "VILLA ROSALIA rural",
  "villa toscana": "VILLA TOSCANA",
  "villa universitaria": "VILLA UNIVERSITARIA",
  "villas de america": "VILLAS DE AMERICA",
  "villas de tiloarque": "VILLAS DE TILOARQUE",
  "villas del campo-km8 danli*": "VILLAS DEL CAMPO-KM8 DANLI*",
  "villas del campo*": "VILLAS DEL CAMPO*",
  "villas del real - mediterranio": "VILLAS DEL REAL - MEDITERRANIO",
  "villas rosalia*": "VILLAS ROSALIA*",
  "villas san sebastian": "VILLAS SAN SEBASTIAN",
  "zambrano*": "ZAMBRANO*",
  "zarahel": "ZARAHEL",
  "zarahel*": "ZARAHEL*"
}